l_english:

  #Northern Europe
  IMP: "Imperial Federation"
  IMP_ADJ: "Imperial"
  GBR: "United Kingdom"
  GBR_ADJ: "British"
  IRE: "Ireland"
  IRE_ADJ: "Irish"
  ULS: "Northern Ireland"
  ULS_ADJ: "Northern Irish"
  SCO: "Scotland"
  SCO_ADJ: "Scottish"
  WLS: "Wales"
  WLS_ADJ: "Welsh"
  ENG: "England"
  ENG_ADJ: "English"
  SCA: "Scandinavia"
  SCA_ADJ: "Scandinavian"
  DEN: "Denmark"
  DEN_ADJ: "Danish"
  FAR: "Faroe Islands"
  FAR_ADJ: "Faroish"
  ICL: "Iceland"
  ICL_ADJ: "Icelandic"
  NOR: "Norway"
  NOR_ADJ: "Norwegian"
  JAN: "Jan Mayen"
  JAN_ADJ: "Jan Mayen"
  SWE: "Sweden"
  SWE_ADJ: "Swedish"
  SCN: "Scania"
  SCN_ADJ: "Scanian"
  ESF: "Estonian–Finnish Federation"
  ESF_ADJ: Estonian-Finnish
  FIN: "Finland"
  FIN_ADJ: "Finnish"
  ALA: "Åland"
  ALA_ADJ: "Ålandic"
  UBD: "United Baltics"
  UBD_ADJ: "Baltic"
  EST: "Estonia"
  EST_ADJ: "Estonian"
  LAT: "Latvia"
  LAT_ADJ: "Latvian"
  LIT: "Lithuania"
  LIT_ADJ: "Lithuanian"

  #Western Europe
  BNL: "Benelux"
  BNL_ADJ: "Benelux"
  NET: "Netherlands"
  NET_ADJ: "Dutch"
  BEL: "Belgium"
  BEL_ADJ: "Belgian"
  FLA: "Flanders"
  FLA_ADJ: "Flemish"
  WLL: "Wallonia"
  WLL_ADJ: "Wallonian"
  LUX: "Luxembourg"
  LUX_ADJ: "Luxembourgian"
  FRA: "France"
  FRA_ADJ: "French"
  BRI: "Brittany"
  BRI_ADJ: "Breton"
  OCC: "Occitania"
  OCC_ADJ: "Occitanian"
  COR: "Corsica"
  COR_ADJ: "Corsican"
  MOC: "Monaco"
  MOC_ADJ: "Monégasque"
  BOZ: "British Occupation Zone"
  BOZ_ADJ: "British Occupied"
  AOZ: "American Occupation Zone"
  AOZ_ADJ: "American Occupied"
  FOZ: "French Occupation Zone"
  FOZ_ADJ: "French Occupied"
  GER: "Germany"
  GER_ADJ: "German"
  HAN: "Lower Saxony"
  HAN_ADJ: "Lower Saxon"
  RHI: "Rhineland"
  RHI_ADJ: "Rhenish"
  SGF: "South German Federation"
  SGF_ADJ: "German"
  WUR: "Baden-Württemberg"
  WUR_ADJ: "Baden-Wurttembergian"
  BAV: "Bavaria"
  BAV_ADJ: "Bavarian"
  SAA: "Saar State"
  SAA_ADJ: "Saar"
  ALP: "Alpine Union"
  ALP_ADJ: "Alpine"
  SWI: "Switzerland"
  SWI_ADJ: "Swiss"
  LIE: "Liechtenstein"
  LIE_ADJ: "Liechtensteiner"
  AUS: "Austria"
  AUS_ADJ: "Austrian"
  AOA: "Austria" #West Austria
  AOA_ADJ: "Austrian"

  #Southern Europe
  IBE: "Iberia"
  IBE_ADJ: "Iberian"
  ADR: "Andorra"
  ADR_ADJ: "Andorran"
  SPA: "Spain"
  SPA_ADJ: "Spanish"
  CAT: "Catalonia"
  CAT_ADJ: "Catalonian"
  NAV: "Basque Country"
  NAV_ADJ: "Basque"
  GLI: "Galicia"
  GLI_ADJ: "Galician"
  ANL: "Andalusia"
  ANL_ADJ: "Andalusian"
  CAS: "Castilla-La Mancha"
  CAS_ADJ: "Castilian"
  VAL: "Valencia"
  VAL_ADJ: "Valencian"
  POR: "Portugal"
  POR_ADJ: "Portuguese"
  ITA: "Italy"
  ITA_ADJ: "Italian"
  LOM: "Lombardia"
  LOM_ADJ: "Lombardian"
  SAR: "Sardinia"
  SAR_ADJ: "Sardinian"
  SIC: "Sicily"
  SIC_ADJ: "Sicilian"
  VEN: "Venice"
  VEN_ADJ: "Venetian"
  MEZ: "Mezzogiorno"
  MEZ_ADJ: "Mezzogiorno"
  PAD: "Padania"
  PAD_ADJ: "Padanian"
  STY: "South Tyrol"
  STY_ADJ: "South Tyrolean"
  SMN: "San Marino"
  SMN_ADJ: "San Marinaran"
  PAP: "Rome"
  PAP_ADJ: "Roman"
  MLT: "Malta"
  MLT_ADJ: "Maltese"
  TRE: "Trieste"
  TRE_ADJ: "Triestian"
  YUG: "Yugoslavia"
  YUG_ADJ: "Yugoslavian"
  SLO: "Slovenia"
  SLO_ADJ: "Slovenian"
  CRO: "Croatia"
  CRO_ADJ: "Croatian"
  BOS: "Bosnia-Herzegovina"
  BOS_ADJ: "Bosnian"
  SER: "Serbia"
  SER_ADJ: "Serb"
  MON: "Montenegro"
  MON_ADJ: "Montenegrin"
  KOS: "Kosovo"
  KOS_ADJ: "Kosove"
  VOJ: "Vojvodina"
  VOJ_ADJ: "Vojvodinan"
  NMC: "North Macedonia"
  NMC_ADJ: "North Macedonian"
  ALB: "Albania"
  ALB_ADJ: "Albanian"
  GRE: "Greece"
  GRE_ADJ: "Greek"
  CRE: "Crete"
  CRE_ADJ: "Cretian"
  BYZ: "Byzantium"
  BYZ_ADJ: "Byzantine"
  TGC: "Turkish-Greek Confederation"
  TGC_ADJ: "Hellenoturkish"

  #Eastern Europe
  DDR: "East Germany"
  DDR_ADJ: "East German"
  SAX: "Saxony"
  SAX_ADJ: "Saxon"
  BRL: "Berlin"
  BRL_ADJ: "Berliner"
  POL: "Poland"
  POL_ADJ: "Polish"
  DZG: "Gdańsk"
  DZG_ADJ: "Gdański"
  ZAP: "Zapadoslavia"
  ZAP_ADJ: "Zapadoslavian"
  PLC: "Poland-Lithuania"
  PLC_ADJ: "Polish-Lithuanian"
  CZH: "Czechoslovakia"
  CZH_ADJ: "Czechoslovakian"
  SLV: "Slovakia"
  SLV_ADJ: "Slovak"
  KUK: "Balkan Union"
  KUK_ADJ: "Balkan"
  HUN: "Hungary"
  HUN_ADJ: "Hungarian"
  ROM: "Romania"
  ROM_ADJ: "Romanian"
  BUL: "Bulgaria"
  BUL_ADJ: "Bulgarian"
  RUS: "Eurasian Union"
  RUS_ADJ: "Eurasian"
  MLV: "Moldova"
  MLV_ADJ: "Moldavian"
  BYE: "Belarus"
  BYE_ADJ: "Byelorussian"
  UKR: "Ukraine"
  UKR_ADJ: "Ukrainian"
  CRI: "Crimea"
  CRI_ADJ: "Crimean"
  RSF: "Russia"
  RSF_ADJ: "Russian"
  IUS: "Kazan"
  IUS_ADJ: "Kazan"
  PRM: "Perm"
  PRM_ADJ: "Permian"
  NCA: "Mountain Republic"
  NCA_ADJ: "North Caucasian"
  DAG: "Dagestan"
  DAG_ADJ: "Dagestani"
  CHC: "Chechnya"
  CHC_ADJ: "Chechen"
  KRL: "Karelia"
  KRL_ADJ: "Karelian"
  KAL: "Kaliningrad"
  KAL_ADJ: "Kaliningrad"
  KLM: "Kalmykia"
  KLM_ADJ: "Kalmykian"

  #Western Asia
  TUR: "Turkey"
  TUR_ADJ: "Turkish"
  CYP: "Cyprus"
  CYP_ADJ: "Cypriot"
  CAU: "Transcaucasia"
  CAU_ADJ: "Transcaucasian"
  GEO: "Georgia"
  GEO_ADJ: "Georgian"
  ABK: "Abkhazia"
  ABK_ADJ: "Abkhaz"
  SOS: "South Ossetia"
  SOS_ADJ: "Ossetic"
  ARM: "Armenia"
  ARM_ADJ: "Armenian"
  AZB: "Azerbaijan"
  AZB_ADJ: "Azerbaijani"
  ARA: "Arabia"
  ARA_ADJ: "Arab"
  SYR: "Syria"
  SYR_ADJ: "Syrian"
  LEB: "Lebanon"
  LEB_ADJ: "Lebanese"
  PAL: "Palestine"
  PAL_ADJ: "Palestinian"
  ISR: "Israel"
  ISR_ADJ: "Israeli"
  EOT: "Emirate of Transjordan"
  EOT_ADJ: "Transjordanian"
  IRQ: "Iraq"
  IRQ_ADJ: "Iraqi"
  ASS: "Assyria"
  ASS_ADJ: "Assyrian"
  KUW: "Kuwait"
  KUW_ADJ: "Kuwaiti"
  NEJ: "Nejd"
  NEJ_ADJ: "Nejdi"
  HDJ: "Hedjaz"
  HDJ_ADJ: "Hedjazi"
  JAB: "Jabal Shammar"
  JAB_ADJ: "Shammari"
  YEM: "Yemen"
  YEM_ADJ: "Yemeni"
  ADE: "Aden"
  ADE_ADJ: "Adeni"
  OMA: "Oman"
  OMA_ADJ: "Omani"
  ABU: "Trucial States"
  ABU_ADJ: "Trucial"
  QAT: "Qatar"
  QAT_ADJ: "Qatari"
  BHN: "Bahrain"
  BHN_ADJ: "Bahraini"

  #Central Asia
  TRH: "Turkestan"
  TRH_ADJ: "Turkestani"
  KAZ: "Kazakhstan"
  KAZ_ADJ: "Kazakh"
  UZB: "Uzbekistan"
  UZB_ADJ: "Uzbek"
  KAR: "Karakalpakstan"
  KAR_ADJ: "Karakalpakstani"
  TKM: "Turkmenistan"
  TKM_ADJ: "Turkmen"
  KYR: "Kyrgyzstan"
  KYR_ADJ: "Kirghiz"
  TJK: "Tajikistan"
  TJK_ADJ: "Tajik"

  #Southern Asia
  PER: "Iran"
  PER_ADJ: "Iranian"
  AZR: "Iranian Azerbaijan"
  AZR_ADJ: "Azerbaijani"
  KUR: "Kurdistan"
  KUR_ADJ: "Kurdish"
  AFH: "Afghanistan"
  AFH_ADJ: "Afghan"
  HZJ: "Hazarajat"
  HZJ_ADJ: "Hazara"
  HND: "India"
  HND_ADJ: "Indian"
  PAK: "Pakistan"
  PAK_ADJ: "Pakistani"
  BGL: "Bangladesh"
  BGL_ADJ: "Bengali"
  BLH: "Baluchistan"
  BLH_ADJ: "Baluchistani"
  KAS: "Kashmir"
  KAS_ADJ: "Kashmiri"
  PAN: "Punjab"
  PAN_ADJ: "Punjabi"
  RAJ: "Rajasthan"
  RAJ_ADJ: "Rajasthani"
  ASM: "Assam"
  ASM_ADJ: "Assamese"
  ORI: "Orissa"
  ORI_ADJ: "Orissan"
  BOM: "Maharashtra"
  BOM_ADJ: "Maharashtrian"
  SIN: "Sindh"
  SIN_ADJ: "Sindhi"
  GUJ: "Gujarat"
  GUJ_ADJ: "Gujarati"
  MYS: "Mysore"
  MYS_ADJ: "Mysori"
  MDR: "Madras Presidency"
  MDR_ADJ: "South Presidential"
  HYD: "Hyderabad"
  HYD_ADJ: "Hyderabadi"
  NEP: "Nepal"
  NEP_ADJ: "Nepali"
  BHU: "Bhutan"
  BHU_ADJ: "Bhutanese"
  SIK: "Sikkim"
  SIK_ADJ: "Sikkim"
  SRI: "Sri Lanka"
  SRI_ADJ: "Sri Lankan"
  MLD: "Maldives"
  MLD_ADJ: "Maldivian"
  MYM: "Burma"
  MYM_ADJ: "Burmese"
  KRN: "Karen"
  KRN_ADJ: "Karen"
  KHN: "Kachin"
  KHN_ADJ: "Kachin"

  #Eastern Asia
  SIB: "Siberia"
  SIB_ADJ: "Siberian"
  ATA: "Altai"
  ATA_ADJ: "Altaya"
  FER: "Kamchatka"
  FER_ADJ: "Kamchatkans"
  TUV: "Tuva"
  TUV_ADJ: "Tuvan"
  TIB: "Tibet"
  TIB_ADJ: "Tibetan"
  XIN: 1 "East Turkestan"
  XIN_ADJ: 1 "Uyghur"
  HKN: "Hong Kong"
  HKN_ADJ: "Hong Konger"
  MAO: "Macão"
  MAO_ADJ: "Macão"
  ROC: "Republic Of China"
  ROC_ADJ: "Chinese"
  PRC: "People's Republic Of China"
  PRC_ADJ: "Chinese"
  CHI: "China"
  CHI_ADJ: "Chinese"
  YUN: "Yunnan"
  YUN_ADJ: "Yunnan"
  MCH: "Manchuria"
  MCH_ADJ: "Manchu"
  IMO: "Inner Mongolia"
  IMO_ADJ: "Inner Mongolian"
  HNA: "Hunan"
  HNA_ADJ: "Hunanese"
  AHU: "Anhui"
  AHU_ADJ: "Anhui"
  SHN: "Shanxi"
  SHN_ADJ: "Shanxi"
  GUI: "Guizhou"
  GUI_ADJ: "Guizhou"
  GNG: "Guangxi"
  GNG_ADJ: "Guangxi"
  SIH: "Sichuan"
  SIH_ADJ: "Sichuan"
  SHA: "Shandong"
  SHA_ADJ: "Shandongese"
  XIB: "Xibei"
  XIB_ADJ: "Xibei"
  NRK: "North Korea"
  NRK_ADJ: "North Korean"
  STK: "South Korea"
  STK_ADJ: "South Korean"
  KOR: "Korea"
  KOR_ADJ: "Korean"
  JAP: "Japan"
  JAP_ADJ: "Japanese"
  AIN: "Ainu Mosir"
  AIN_ADJ: "Ainu"
  MGL: "Mongolia"
  MGL_ADJ: "Mongolian"

  #Southeastern Asia
  VNM: "Indochina"
  VNM_ADJ: "Indochinese"
  DAI: "Vietnam"
  DAI_ADJ: "Vietnamese"
  LAO: "Laos"
  LAO_ADJ: "Laotian"
  CAM: "Cambodia"
  CAM_ADJ: "Cambodian"
  THA: "Thailand"
  THA_ADJ: "Thai"
  MYY: "Malaysia"
  MYY_ADJ: "Malaysian"
  SGP: "Singapore"
  SGP_ADJ: "Singaporean"
  BRU: "Brunei"
  BRU_ADJ: "Bruneian"
  MPH: "Maphilindo"
  MPH_ADJ: "Maphilindo"
  PHI: "Philippines"
  PHI_ADJ: "Philippine"
  IDS: "Indonesia"  
  IDS_ADJ: "Indonesian"
  EIN: "East Indonesia"
  EIN_ADJ: "East Indonesian"
  ACE: "Aceh"
  ACE_ADJ: "Acehnese"
  KLT: "Kalimantan"
  KLT_ADJ: "Kalimantan"
  TOB: "Toba"
  TOB_ADJ: "Toba"
  BAL: "Bali"
  BAL_ADJ: "Balinese"
  JAV: "Java"
  JAV_ADJ: "Javanese"
  TML: "Timor-Leste"
  TML_ADJ: "Timorese"
  WPP: "West Papua"
  WPP_ADJ: "Papuan"

  #Oceania
  PPN: "Papua New Guinea"
  PPN_ADJ: "Papuan"
  AST: "Australia"
  AST_ADJ: "Australian"
  NZL: "New Zealand"
  NZL_ADJ: "New Zealand"
  PNS: "Polynesia"
  PNS_ADJ: "Polynesian"
  NCD: "New Caledonia"
  NCD_ADJ: "Caledonian"
  VNT: "Vanuatu"
  VNT_ADJ: "Vanuatuan"
  SLM: "Solomon Islands"
  SLM_ADJ: "Solomoni"
  FJI: "Fiji"
  FJI_ADJ: "Fijian"
  BGV: "Bougainville"
  BGV_ADJ: "Bougain"
  NMI: "North Mariana Islands"
  NMI_ADJ: "Marianan"
  PLA: "Palau"
  PLA_ADJ: "Palauan"
  TVL: "Tuvalu"
  TVL_ADJ: "Tuvaluan"
  NAU: "Nauru"
  NAU_ADJ: "Nauruan"
  MCN: "Micronesia"
  MCN_ADJ: "Micronesian"
  MSL: "Marshall Islands"
  MSL_ADJ: "Marshall"
  SMO: "Samoa"
  SMO_ADJ: "Samoan"
  TNG: "Tonga"
  TNG_ADJ: "Tongan"

  #Northern America
  GRN: "Greenland"
  GRN_ADJ: "Greenlandic"
  NEW: "Newfoundland"
  NEW_ADJ: "Newfoundlander"
  CAN: "Canada"
  CAN_ADJ: "Canadian"
  QUE: "Quebec"
  QUE_ADJ: "Quebec"
  USA: "United States of America"
  USA_ADJ: "American"
  FLO: "Florida"
  FLO_ADJ: "Floridian"
  CUM: "Canada-USA-Mexico"
  CUM_ADJ: "North American"
  CSC: "Cascadia"
  CSC_ADJ: "Cascadia"
  CAL: "California"
  CAL_ADJ: "Californian"
  NEN: "New England"
  NEN_ADJ: "New Englander"
  CSA: "Confederate States of America"
  CSA_ADJ: "Confederate"
  ASA: "New Africa"
  ASA_ADJ: "New African"
  LOU: "Lousiana"
  LOU_ADJ: "Lousianan"
  TEX: "Texas"
  TEX_ADJ: "Texan"
  HAW: "Hawaii"
  HAW_ADJ: "Hawaiian"
  AKA: "Alaska"
  AKA_ADJ: "Alaskan"
  UTA: "Utah"
  UTA_ADJ: "Utahn"
  FSA: "Free States of America"
  FSA_ADJ: "Free American"
  MEX: "Mexico"
  MEX_ADJ: "Mexican"
  YUC: "Yucatán"
  YUC_ADJ: "Yucatecan"
  BMD: "Bermuda"
  BMD_ADJ: "Bermudan"

  #Central America
  ALT: "Belize"
  ALT_ADJ: "Belizean"
  UCA: "Central America"
  UCA_ADJ: "Central American"
  GUA: "Guatemala"
  GUA_ADJ: "Guatemalan"
  ELS: "El Salvador"
  ELS_ADJ: "El Salvadorian"
  HON: "Honduras"
  HON_ADJ: "Honduran"
  NIC: "Nicaragua"
  NIC_ADJ: "Nicaraguan"
  COS: "Costa Rica"
  COS_ADJ: "Costa Rican"
  PNM: "Panama"
  PNM_ADJ: "Panamanian"

  #Caribbean
  ANT: "Antillean Confederation"
  ANT_ADJ: "Antillean"
  CUB: "Cuba"
  CUB_ADJ: "Cuban"
  HAI: "Haiti"
  HAI_ADJ: "Haitian"
  DCR: "Dominican Republic"
  DCR_ADJ: "Dominican"
  PCO: "Puerto Rico"
  PCO_ADJ: "Puerto Rican"
  WIN: "West Indies"
  WIN_ADJ: "West Indian"
  BAH: "Bahamas"
  BAH_ADJ: "Bahamian"
  JAM: "Jamaica"
  JAM_ADJ: "Jamaican"
  CRC: "Curaçao"
  CRC_ADJ: "Curaçaian"
  TTG: "Trinidad & Tobago"
  TTG_ADJ: "Trini"
  BBD: "Barbados"
  BBD_ADJ: "Barbadian"
  SVG: "Saint Vincent & the Grenadines"
  SVG_ADJ: "Vincy"
  SLC: "Saint Lucia"
  SLC_ADJ: "Lucian"
  MQU: "Martinique"
  MQU_ADJ: "Martiniquais"
  GDL: "Guadeloupe"
  GDL_ADJ: "Guadeloupean"
  MRR: "Montserrat"
  MRR_ADJ: "Montserratian"
  ATB: "Antigua & Barbuda"
  ATB_ADJ: "Antigua-Barbudan"
  SKN: "Saint Kitts & Nevis"
  SKN_ADJ: "Kittitian-Nevisian"
  AGL: "Anguilla"
  AGL_ADJ: "Anguillan"
  BVI: "British Virgin Islands"
  BVI_ADJ: "British"
  UVI: "US Virgin Islands"
  UVI_ADJ: "American"
  CAY: "Cayman Islands"
  CAY_ADJ: "Cayman"
  TCI: "Turks & Caicos Islands"
  TCI_ADJ: "Turk-Caicos"
  GRD: "Grenada"
  GRD_ADJ: "Grenadian"
  DMI: "Dominica"
  DMI_ADJ: "Dominican"

  #South America
  GUY: "Guyana"
  GUY_ADJ: "Guyanan"
  SUR: "Suriname"
  SUR_ADJ: "Surinamese"
  FGU: "Guyane"
  FGU_ADJ: "French Guyanan"
  GCO: "Gran Colombia"
  GCO_ADJ: "Gran Colombian"
  VNZ: "Venezuela"
  VNZ_ADJ: "Venezuelan"
  WYU: "Wayuu"
  WYU_ADJ: "Wayuu"
  CLM: "Colombia"
  CLM_ADJ: "Colombian"
  ECU: "Ecuador"
  ECU_ADJ: "Ecuadorian"
  PEU: "Peru"
  PEU_ADJ: "Peruvian"
  TWT: "Tawantinsuyu"
  TWT_ADJ: "Incan"
  BOL: "Bolivia"
  BOL_ADJ: "Bolivian"
  AYM: "Aymara"
  AYM_ADJ: "Aymara"
  CHL: "Chile"
  CHL_ADJ: "Chilean"
  ARG: "Argentina"
  ARG_ADJ: "Argentinian"
  PRG: "Paraguay"
  PRG_ADJ: "Paraguayan"
  GRI: "Guaraní"
  GRI_ADJ: "Guaraní"
  URU: "Uruguay"
  URU_ADJ: "Uruguayan"
  BRZ: "Brazil"
  BRZ_ADJ: "Brazilian"
  AMZ: 1 "Amazonia"
  AMZ_ADJ: 1 "Amazonian"
  PTG: "Patria Grande"
  PTG_ADJ: "Andean"
  PAT: 1 "Patagonia"
  PAT_ADJ: 1 "Patagonian"
  THL: "Tehuelche"
  THL_ADJ: "Tehuelche"

  #Northern Africa
  MAG: "Maghreb"
  MAG_ADJ: "Maghrebi"
  MOR: "Morocco"
  MOR_ADJ: "Moroccan"
  ALR: "Al-rif"
  ALR_ADJ: "Rif"
  WSH: "Western Sahara"
  WSH_ADJ: "Sahrawi"
  ALD: "Algeria"
  ALD_ADJ: "Algerian"
  TUN: "Tunisia"
  TUN_ADJ: "Tunisian"
  FEZ: "Fezzan"
  FEZ_ADJ: "Fezzani"
  LBY: "Libya"
  LBY_ADJ: "Libyan"
  JMH: "Libya" #Greater Libya
  JMH_ADJ: "Libyan"
  EGY: "Egypt"
  EGY_ADJ: "Egyptian"
  SDN: "Sudan"
  SDN_ADJ: "Sudanese"
  DAR: "Darfur"
  DAR_ADJ: "Darfur"

  #Western Africa
  WAU: "West African Union"
  WAU_ADJ: "West African"
  MAU: "Mauritania"
  MAU_ADJ: "Mauritanian"
  MAL: "Mali"
  MAL_ADJ: "Malian"
  AZA: "Azawad"
  AZA_ADJ: "Azawad"
  BKF: "Upper Volta"
  BKF_ADJ: "Upper Voltan"
  NGR: "Niger"
  NGR_ADJ: "Nigerien"
  SGA: "Senegambia"
  SGA-ADJ: "Senegambian"
  SNG: "Senegal"
  SNG_ADJ: "Senegalese"
  GIN: "Guinea"
  GIN_ADJ: "Guinean"
  CDI: "Côte d'Ivoire"
  CDI_ADJ: "Ivorian"
  BNI: "Dahomey"
  BNI_ADJ: "Dahomeyan"
  GAM: "The Gambia"
  GAM_ADJ: "Gambian"
  SIL: "Sierra Leone"
  SIL_ADJ: "Sierra Leonean"
  LIB: "Liberia"
  LIB_ADJ: "Liberian"
  GLC: "Gold Coast"
  GLC_ADJ: "Gold Coast"
  EWE: "Togo"
  EWE_ADJ: "Togolese"
  SOK: "Sokoto"
  SOK_ADJ: "Sokot"
  BIA: "Biafra"
  BIA_ADJ: "Biafran"
  CVD: "Cabo Verde"
  CVD_ADJ: "Cabo Verdean"

  #Middle Africa
  EQA: "Equatorial Africa"
  EQA_ADJ: "Equatorial African"
  CHD: "Chad"
  CHD_ADJ: "Chadian"
  CAF: "Central Africa"
  CAF_ADJ: "Central African"
  LNG: "Loango"
  LNG_ADJ: "Loango"
  FNG: "Fang"
  FNG_ADJ: "Fang"
  DLA: "Duala"
  DLA_ADJ: "Duala"
  CNG: "Congo"
  CNG_ADJ: "Congolese"
  KTA: "Katanga"
  KTA_ADJ: "Katanga"
  OVM: "Ovimbundu"
  OVM_ADJ: "Ovimbundu"
  SAO: "São Tomé & Principe"
  SAO_ADJ: "São Toméan"
  EQG: "Equatorial Guinea"
  EQG_ADJ: "Equatoguinean"

  #Eastern Africa
  EAU: "East African Union"
  EAU_ADJ: "East African"
  SSD: "South Sudan"
  SSD_ADJ: "South Sudanese"
  ERI: "Eritrea"
  ERI_ADJ: "Eritrean"
  DJI: "Djibouti"
  DJI_ADJ: "Djiboutian"
  SLL: "Somaliland"
  SLL_ADJ: "Somali"
  SML: "Somalia"
  SML_ADJ: "Somali"
  ABI: "Abyssinia"
  ABI_ADJ: "Abyssinian"
  ETH: "Ethiopia"
  ETH_ADJ: "Ethiopian"
  ORO: "Oromia"
  ORO_ADJ: "Oromoian"
  TIG: "Tigray"
  TIG_ADJ: "Tigray"
  KKY: "Kikuyu"
  KKY_ADJ: "Kikuyu"
  BUG: "Buganda"
  BUG_ADJ: "Bugandan"
  RWD: "Rwanda"
  RWD_ADJ: "Rwandan"
  BRD: "Burundi"
  BRD_ADJ: "Umurundi"
  TNZ: "Tanzania"
  TNZ_ADJ: "Tanzania"
  ZZB: "Zanzibar"
  ZZB_ADJ: "Zanzibari" 
  MKU: "Makua"
  MKU_ADJ: "Makua"
  BMB: "Malawi"
  BMB_ADJ: "Malawian"
  LZO: "Zambia"
  LZO_ADJ: "Zambian"
  MTB: "Zimbabwe"
  MTB_ADJ: "Zimbabwean"
  MGS: "Madagascar"
  MGS_ADJ: "Madagascan"
  SYC: "Seychelles"
  SYC_ADJ: "Seychellian"

  #Southern Africa
  SAF: "South Africa"
  SAF_ADJ: "South African"
  NAM: "Namibia"
  NAM_ADJ: "Namibian"
  TSW: "Tswana"
  TSW_ADJ: "Tswana"
  BST: "Lesotho"
  BST_ADJ: "Basotho"
  ESW: "Eswatini"
  ESW_ADJ: "Emaswati"

 ###########################
 ###### Dynamic Names ###### 
 ###########################

  ###Northern Europe###
  #GBR - United Kingdom
  dyn_c_british_republic: "British Republic"
  dyn_c_great_britain: "Great Britain"
  dyn_c_anglican_communion: "Anglican Communion"
  dyn_c_anglican_communion_adj: "Anglican"
  dyn_c_british_empire: "British Empire"
  dyn_c_united_british_communes: "United British Communes"
  dyn_c_greater_manchester: "Greater Manchester"
  dyn_c_greater_manchester_adj: "Magna Mancunian"
  dyn_c_mancunian_commune: "Mancunian Commune"
  dyn_c_mancunian_commune_adj: "Mancunian"
  #IRE - Ireland
  dyn_c_eire_nua: "Éire Nua"
  dyn_c_irish_free_state: "Irish Free State"
  dyn_c_eire: "Éire"
  dyn_c_kindom_of_ireland: "Kindom of Ireland"
  #ULS - Northern Ireland
  dyn_c_ulster: "Ulster"
  #ENG - England
  dyn_c_england_and_wales: "England and Wales"
  #SCA - Scandinavia
  dyn_c_scandinavia_kalmar_union: "Kalmar Union"
  dyn_c_scandinavia_fennoscandia: "Fennoscandia"
  dyn_c_scandinavia_fennoscandia_adj: "Fennoscandian"
  #LAT - Latvia
  dyn_c_courland: "Courland"
  dyn_c_courland_adj: "Courlander"

  ###Western Europe###
  #NET - Netherlands
  dyn_c_united_netherlands: "United Netherlands"
  dyn_c_batavian_republic: "Batavian Republic"
  dyn_c_batavian_republic_adj: "Batavian"
  #BEL - Belgium
  dyn_c_united_belgian_states: "United Belgian States"
  dyn_c_co_operative_republic_of_belgium: "Co-operative Republic of Belgium"
  #FRA - France
  dyn_c_french_kingdom: "French Kingdom"
  dyn_c_french_commune: "French Commune"
  #BOZ - British Occupation Zone
  dyn_c_bizonia: "Bizonia"
  dyn_c_trizonia: "Trizonia"
  #GER - Germany
  dyn_c_west_germany: "West Germany"
  dyn_c_west_germany_adj: "West German"
  dyn_c_german_empire: "German Empire"
  dyn_c_holy_roman_empire: "Holy Roman Empire"
  dyn_c_holy_roman_empire_adj: "Holy Roman"
  dyn_c_german_reich: "German Reich"
  dyn_c_brd_gmbh: "BRD GmbH"
  dyn_c_free_german_workers_union: "German Workers Union"
  #RHI - Rhineland
  dyn_c_international_zone: "International Zone"
  dyn_c_international_zone_adj: "Rhenish"
  dyn_c_south_rhineland: "South Rhine"
  dyn_c_south_rhineland_adj: "South Rhenish"
  #HAN - Lower Saxony
  dyn_c_north_germany: "North Germany"
  dyn_c_north_germany_adj: "North German"
  dyn_c_hanover: "Hanover"
  dyn_c_hanover_adj: "Hanoverian"
  #BAV - Bavaria
  dyn_c_bavarian_raterepublic: "Bavarian Räterepublik"
  #SAA - Saarland
  dyn_c_saar_protectorate: "Saar Protectorate"
  #SWI - Switzerland
  dyn_c_helvetic_republic: "Helevetic Republic"
  dyn_c_helvetic_republic_adj: "Helevetic"
  #AUS - Austria
  dyn_c_soviet_occupied_austria: "[Country.GetOverlord.GetAdjectiveNoFormatting] Occupied Austria"
  dyn_c_austria-hungary: "Austria-Hungary"
  dyn_c_austria-hungary_adj: "Austro-Hungarian"
  #AOA - (West) Austria
  dyn_c_allied_austria: "Allied Occupied Austria"
  dyn_c_allied_austrian_adj: "Allied Occupied Austrian"
  #SGF - South German Federation
  dyn_c_danubian_confederation_adj: "Danubian"
  dyn_c_danubian_confederation: "Danubian Confederation"

  ###Southern Europe###
  #NAV - Basque Country
  dyn_c_navarra: "Navarra"
  dyn_c_navarra_adj: "Navarra"
  #ITA - Italy
  dyn_c_papal_italy: "Kingdom of Heaven"
  dyn_c_papal_italy_adj: "Papal"
  #PAP - Rome/Vatican City
  dyn_c_vatican_city: "Vatican City"
  dyn_c_vatican_city_adj: "Papal"
  dyn_c_roman_republic: "Roman Republic"
  #MLT - Malta
  dyn_c_malta_jamahiriya: "Maltese Jamahiriya"
  #POR - Portugal
  dyn_c_united_kingdom: 1 "United Kingdom" 
  dyn_c_united_kingdom_adj: 1 "Luso-Brazilian"
  #YUG - Yugoslavia
  dyn_c_soviet_yugoslavia: "Socialist Federal Republic of Yugoslavia"
  #ALB -Albania
  dyn_c_soviet_occupied_albania: "[Country.GetOverlord.GetAdjectiveNoFormatting] Occupied Albania"
  dyn_c_soviet_albania: "People's Socialist Republic of Albania"

  ###Eastern Europe###
  #DDR - East Germany
  dyn_c_soviet_occupied_east_germany: "[Country.GetOverlord.GetAdjectiveNoFormatting] Occupation Zone"
  dyn_c_soviet_occupied_east_germany_adj: "[Country.GetOverlord.GetAdjectiveNoFormatting] Occupied"
  dyn_c_german_democratic_republic: "German Democratic Republic"
  dyn_c_germany: "Germany"
  dyn_c_germany_adj: "German"
  dyn_c_prussia: "Prussia"
  dyn_c_prussia_adj: "Prussian"
  #POL - Poland
  dyn_c_soviet_occupied_poland: "[Country.GetOverlord.GetAdjectiveNoFormatting] Occupied Poland"
  dyn_c_soviet_poland: "Polish People's Republic"
  #DZG - Gdańsk
  dyn_c_free_gdansk: "Wolne Miasto Gdańsk"
  dyn_c_free_gdansk_adj: "Wolnego Miasta Gdańsk"
  #CZH - Czechoslovakia
  dyn_c_soviet_occupied_czechoslovakia: "[Country.GetOverlord.GetAdjectiveNoFormatting] Occupied Czechoslovakia"
  dyn_c_soviet_czechoslovakia: "Czechoslovak Socialist Republic"
  #HUN - Hungary
  dyn_c_soviet_occupied_hungary: "[Country.GetOverlord.GetAdjectiveNoFormatting] Occupied Hungary"
  dyn_c_soviet_hungary: "Hungarian People's Republic"
  #ROM - Romania
  dyn_c_soviet_occupied_romania: "[Country.GetOverlord.GetAdjectiveNoFormatting] Occupied Romania"
  dyn_c_soviet_romania: "Socialist Republic of Romania"
  #BUL - Bulgaria
  dyn_c_soviet_occupied_bulgaria: "[Country.GetOverlord.GetAdjectiveNoFormatting] Occupied Bulgaria"
  dyn_c_soviet_bulgaria: "People's Republic of Bulgaria"
  #UKR - Ukraine
  dyn_c_free_territory: "Free Territory"
  dyn_c_free_territory_adj: "Free Territorial"
  #RUS - Soviet Union
  dyn_c_soviet_union: "Union of Soviet Socialist Republics"
  dyn_c_soviet_union_adj: "Soviet"
  #CHC - Chechnya
  dyn_c_chechnya_imamate: "Caucasian Emirate"
  dyn_c_chechnya_imamate_adj: "Emirate"

  ###Western Asia###
  #TUR - Turkey
  dyn_c_ottoman_empire_adj: "Ottoman"
  dyn_c_ottoman_empire: "Ottoman Empire"
  #AZB - Azerbaijan
  dyn_c_baku_commune: "Baku Commune"
  dyn_c_baku_commune_adj: "Bakuvian"
  dyn_c_centrocaspian_dictatorship: "Centrocaspian Dictatorship"
  dyn_c_centrocaspian_dictatorship_adj: "Centrocaspian"
  #SYR - Syria
  dyn_c_syria_jamahiriya: "Syrian Jamahiriya"
  #LEB - Lebanon
  dyn_c_lebanon_jamahiriya: "Lebanese Jamahiriya"
  #ABU - Trucial States
  dyn_c_free_uae: "United Arab Emirates"
  dyn_c_free_uae_adj: "Emirati"
  #EOT - Transjordan
  dyn_c_independent_jordan: "Jordan"
  dyn_c_independent_jordan_adj: "Jordanian"
  dyn_c_jordan_jamahiriya: "Jordanian Jamahiriya"
  #PAL - Palestine
  dyn_c_british_palestine: "Mandatory Palestine"
  dyn_c_palestine_jamahiriya: "Palestinian Jamahiriya"
  #NEJ - Nejd
  dyn_c_saudi_arabia: "Saudi Arabia"
  dyn_c_saudi_arabia_adj: "Saudi"
  #ADE - Aden
  dyn_c_british_aden: "Aden Protectorate"

  ###Central Asia###

  ###Southern Asia###
  #AZR - Iranian Azerbaijan
  dyn_c_soviet_azerbaijan: "Azerbaijan People's Government"
  #KUR - Kurdistan
  dyn_c_soviet_kurdistan: "Kurdish People's Government"
  #HND - India
  dyn_c_british_raj: "British Raj"
  dyn_c_british_raj_adj: "Anglo-Indian"
  #SRI - Sri Lanka
  dyn_c_ceylon: "Ceylon"
  dyn_c_ceylon_adj: "Ceylonese"
  #PAN - Punjab
  dyn_c_sikh_empire: "Sikh Empire"
  dyn_c_sikh_empire_adj: "Sikh"
  #MYM - Myanmar
  dyn_c_british_myanmar: "Burma"
  dyn_c_british_myanmar_adj: "Burmese"

  ###Eastern Asia###
  #MGL - Mongolia
  dyn_c_soviet_mongolia: "Mongolian People's Republic"
  dyn_c_soviet_mongolia_adj: "Mongolian"
  #ROC - Republic of China
  dyn_c_taiwan_adj: "Taiwanese"
  dyn_c_taiwan: "Taiwan"
  #CHI - United China
  dyn_c_great_qing: "Great Qing"
  dyn_c_great_qing_adj: "Qing"
  dyn_c_empire_of_china: "Empire of China"
  dyn_c_peoples_republic_of_china: "People's Republic of China"
  #STK - South Korea
  dyn_c_us_korea: "US Military Government in Korea"
  dyn_c_us_south_korea: "US Military Government in South Korea"
  dyn_c_soviet_south_korea: "Soviet Civil Administration in South Korea"
  dyn_c_south_korea_republic: "Republic of Korea"
  dyn_c_south_korea_republic_adj: "South Korean"
  dyn_c_united_korea: "Korea"
  dyn_c_provisional_republic_of_korea: "Provisional Government of Korea"
  dyn_c_provisional_republic_of_korea_adj: "Korean"
  #NRK - North Korea
  dyn_c_north_korea_dprk: "Democratic People's Republic of Korea"
  dyn_c_north_korea_dprk_adj: "North Korean"
  dyn_c_soviet_north_korea: "Soviet Civil Administration in North Korea"
  dyn_c_us_north_korea: "US Military Government in North Korea"
  #KOR - United Korea
  dyn_c_korea_joseon: "Joseon"
  dyn_c_korea_joseon_adj: "Korean"
  #JAP - Japan
  dyn_c_state_of_japan: "State of Japan"
  dyn_c_occupied_japan: "Occupied Japan"

  ###Southeastern Asia###
  #MYY - Malaysia
  dyn_c_british_malaya: "Malaya"
  dyn_c_british_malaya_adj: "Malayan"
  #VNM - Indochina
  dyn_c_french_indochina: "French Indochina"
  dyn_c_french_indochina_adj: "Indochinese"
  #CAM - Cambodia
  dyn_c_khmer_empire: "Khmer Empire"
  dyn_c_khmer_empire_adj: "Khmer"
  #IDS - Indonesia
  dyn_c_dutch_east_indies: "Dutch East Indies"
  dyn_c_dutch_east_indies_adj: "East Indian"
  #ACE - Aceh
  dyn_c_sumatra: "Sumatra"
  dyn_c_sumatra_adj: "Sumatran"
  #TML
  dyn_c_portuguese_timor: "Portuguese Timor"
  dyn_c_portuguese_timor_adj: "Timorese"

  ###Oceania###
  #VNT - Vanuatua
  dyn_c_british_vanuatu: "New Hebrides"
  dyn_c_british_vanuatu_adj: "New Hebridean"
  #TVL - Tuvalu
  dyn_c_british_tuvalu: "Gilbert and Ellice Islands"
  dyn_c_british_tuvalu_adj: "Gilbert and Ellice Islander"
  #PNS - Polynesia
  dyn_c_united_communes_pns: "United Communes of Polynesia"

  ###Northern America###
  #USA - USA
  dyn_c_united_states: "United States of America"
  dyn_c_united_sovereign_archduchy: "United Sovereign Archduchy"
  dyn_c_united_sovereign_archduchy_adj: "Archducal American"
  dyn_c_united_syndicates_of_america: "United Syndicates of America"
  dyn_c_united_synods_of_america: "United Synods of America"
  dyn_c_united_shareholders_of_america: "United Shareholders of America"
  #CSA - Confederate States of America
  dyn_c_confederated_sovereigns_of_america: "Confederated Sovereigns of America"
  dyn_c_confederated_sovereigns_of_america_adj: "Confederate"
  dyn_c_communist_states_of_america: "Communist States of America"
  dyn_c_communist_states_of_america_adj: "Communist American"
  dyn_c_confederate_synods_of_america: "Confederate Synods of America"
  #CAL - California
  dyn_c_caesars_legion: "Caesar's Legion"
  dyn_c_caesars_legion_adj: "Legionary"
  #MEX - Mexico
  dyn_c_mexican_empire: "Mexican Empire"
  dyn_c_new_spain: "New Spain"
  dyn_c_new_spain_adj: "New Spanish"

  ###Central America###

  ###Caribbean###
  #HAI - Haiti
  dyn_c_saint-domingue: "Saint-Domingue"
  dyn_c_saint-domingue_adj: "Domingois"

  ###South America###
  #PEU - Perua + BOL - Bolivia
  dyn_c_peru_bolivia: "Peru-Bolivia"
  dyn_c_peru_bolivia_adj: "Peru-Bolivian"

  ###Northern Africa###
  #MOR - Morocco
  dyn_c_morocco_jamahiriya: "Moroccan Jamahiriya"
  #ALR - Rif
  dyn_c_spanish_rif_prot: "Republic of the Rif"
  dyn_c_spanish_rif_puppet: "Spanish Morocco"
  dyn_c_rif_jamahiriya: "Rifian Jamahiriya"
  #WSH - Western Sahara
  dyn_c_western_sahara_jamahiriya: "Sahrawi Jamahiriya"
  #ALD - Algeria
  dyn_c_algeria_jamahiriya: "Algerian Jamahiriya"
  #TUN - Tunisia
  dyn_c_tunisia_jamahiriya: "Tunisian Jamahiriya"
  #FEZ - Fezzan
  dyn_c_british_fezzan: "British Military Administration of Fezzan"
  dyn_c_british_fezzan_adj: "Fezzani"
  dyn_c_french_fezzan: "Fezzan-Ghadames Military Territory"
  dyn_c_french_fezzan_adj: "Fezzani"
  #LBY - Libya
  dyn_c_libya: "Libya"
  dyn_c_libya_adj: "Libyan"
  dyn_c_british_libya: "British Military Administration of Libya"
  dyn_c_british_libya_adj: "Libyan"
  dyn_c_libyan_monarchy_adj: "Libyan"
  dyn_c_libyan_monarchy: "Kingdom of Libya"
  dyn_c_libyan_socialist: "Great Socialist People's Libyan Arab Jamahiriya"
  #JMH - Greater Libya
  dyn_c_libyan_maltese_union: "Libyan Maltese Union"
  dyn_c_libyan_maltese_union_socialist: "Great Socialist People's Libyan Maltese Jamahiriya"
  dyn_c_libyan_maltese_union_ADJ: "Libyan-Maltese"
  dyn_c_united_states_of_north_africa: "United States of North Africa"
  dyn_c_united_states_of_north_africa_socialist: "United Great Socialist People's North African Jamahiriyas"
  dyn_c_united_states_of_north_africa_ADJ: "North African"
  dyn_c_arab_maghreb_union: "Arab Maghreb Union"
  dyn_c_arab_maghreb_union_socialist: "Union of Great Socialist People's Maghrebi Jamahiriyas"
  dyn_c_arab_maghreb_union_ADJ: "Arab-Maghrebi"
  dyn_c_united_sahel_states: "United Sahel States"
  dyn_c_united_sahel_states_socialist: "United Great Socialist People's Sahel Jamahiriyas"
  dyn_c_united_sahel_states_ADJ: "Sahel"
  dyn_c_arab_union: "Arab Union" #Gaddafis Version of the Arab Union
  dyn_c_arab_union_socialist: "Union of Great Socialist People's Arab Jamahiriyas" #Gaddafis Version of the Arab Union
  dyn_c_arab_union_ADJ: "Arab" #Gaddafis Version of the Arab Union
  dyn_c_arab_african_federation: "Arab African Federation"
  dyn_c_arab_african_federation_socialist: "Federation of Great Socialist People's African Arab Jamahiriyas"
  dyn_c_arab_african_federation_ADJ: "Arab-African"
  #EGY - Egypt
  dyn_c_egypt_jamahiriya: "Egyptian Jamahiriya"
  #SDN - Sudan
  dyn_c_anglo_egyptian_sudan: "Anglo-Egyptian Sudan"
  dyn_c_anglo_egyptian_sudan_adj: "Sudanese"
  dyn_c_mahdist_state: "Mahdist State"
  dyn_c_mahdist_state_adj: "Mahdist"
  dyn_c_funj_state: "Funj State"
  dyn_c_funj_state_adj: "Funj"
  dyn_c_sudan_jamahiriya: "Sudanese Jamahiriya"


  ###Western Africa###
  #BKF - Upper Volta
  dyn_c_burkina_faso: "Burkina Faso"
  dyn_c_burkina_faso_adj: "Burkinabe"
  dyn_c_burkina_faso_jamahiriya: "Burkinabé Jamahiriya"
  #BNI - Dahomey
  dyn_c_benin: "Benin"
  dyn_c_benin_adj: "Beninese"
  #GLC - Gold Coast / Ghana
  dyn_c_independent_ghana: "Ghana"
  #EWE - Togo
  dyn_c_british_togo: "Togoland"
  dyn_c_togolese_adj: "Togolese"
  #SOK - Sokoto / Nigeria
  dyn_c_sokoto_nigeria: "Nigeria"
  dyn_c_nigerian_adj: "Nigerian"
  #GAM - The Gambia
  dyn_c_british_gambia: "Gambia Colony"
  #GNB - Guinea Bissau
  dyn_c_portuguese_guinea: "Portuguese Guinea"
  #WAU - West Africa
  dyn_c_french_west_africa: "French West Africa"
  dyn_c_french_west_africa_adj: "West African"
  #MAU - Mauritania  
  dyn_c_mauritania_jamahiriya: "Mauritanian Jamahiriya"
  #MAL - Mali
  dyn_c_mali_jamahiriya: "Malian Jamahiriya"
  #NGR - Niger
  dyn_c_niger_jamahiriya: "Nigerien Jamahiriya"

  ###Middle Africa###
  #EQA - Equatorial Africa
  dyn_c_equatorial_africa: "[Country.GetOverlord.GetAdjectiveNoFormatting] Equatorial Africa"
  dyn_c_equatorial_africa_adj: "[Country.GetOverlord.GetAdjectiveNoFormatting] Equatorial African"
  #CHD - Chad
  dyn_c_chad_jamahiriya: "Chadian Jamahiriya"

  #CAF - Central Africa
  dyn_c_french_central_africa: "Ubangi-Shari"
  dyn_c_central_african_empire: "Central African Empire"
  dyn_c_central_african_republic: "Central African Republic"
  #CNG - DR Congo
  dyn_c_belgian_congo: "Belgian Congo"
  dyn_c_belgian_congo_adj: "Congolese"
  dyn_c_republican_congo: "Democratic Republic of the Congo"
  dyn_c_zaire: "Zaire"
  dyn_c_republican_congo_adj: "Congolese"
  dyn_c_zaire_adj: "Zairian"
  #DLA - Cameroon
  dyn_c_duala_cameroon: "Cameroon"
  dyn_c_cameroonian_adj: "Cameroonian"
  #FNG - Gabon
  dyn_c_fang_gabon: "Gabon"
  dyn_c_gabonaise_adj: "Gabonaise"
  #LNG - Congo
  dyn_c_loango_republic_of_congo: "Republic of the Congo"
  dyn_c_congolese_adj: "Congolese"
  dyn_c_french_congo: "French Congo"
  #OVM - Angola
  dyn_c_ovimbundu_angola: "Angola"
  dyn_c_angolan_adj: "Angolan"

  ###Eastern Africa###
  #MGS - Madagascar
  dyn_c_merina_kingdom: "Merina Kingdom"
  dyn_c_merina_kingdom_adj: "Merina"
  #MTB - Zimbabwe
  dyn_c_south_rhodesia: "South Rhodesia"
  dyn_c_south_rhodesia_adj: "South Rhodesian"
  #LZO - Zambia
  dyn_c_north_rhodesia: "North Rhodesia"
  dyn_c_north_rhodesia_adj: "North Rhodesian"
  #BMB - Malawi
  dyn_c_british_malawi: "Nyasaland"
  dyn_c_british_malawi_adj: "Nyasa"
  dyn_c_bemba_malawi: "Nyasaland"
  dyn_c_bemba_malawi_adj: "Nyasalandian"
  #KKY - Kenya
  dyn_c_Kikuyu_kenya: "Kenya"
  dyn_c_kikuyu_kenya_adj: "Kenyan"
  #BUG - Uganda
  dyn_c_buganda_uganda: "Uganda"
  dyn_c_buganda_uganda_adj: "Ugandan"
  #NAM - Namibia
  dyn_c_british_namibia: "South West Africa"
  dyn_c_british_namibia_adj: "South West African"
  #TNZ - Tanzania
  dyn_c_british_tanzania: "Tanganyika"
  dyn_c_british_tanzania_adj: "Tanganyikan"
  #MKU - Mozambique
  dyn_c_makua_mozambique: "Mozambique"
  dyn_c_makua_mozambique_adj: "Mozambiquean"
  #DJI - Djibouti
  dyn_c_french_djibouti: "French Somaliland"
  dyn_c_french_djibouti_adj: "Somali"

  ###Southern Africa###
  #TSW - Botswana
  dyn_c_botswana: "Botswana"
  dyn_c_botswana_adj: "Botswanan"
  #BST - Lesotho
  dyn_c_british_lesotho: "Basutoland"
  dyn_c_british_lesotho_adj: "Basuto"
  #ESW - Eswatini
  dyn_c_british_eswatini: "Swaziland"
  dyn_c_british_eswatini_adj: "Swazi"