l_english:
  STATE_MINSK: "Minsk"
  STATE_ALASKA: "Alaska"
  STATE_WASHINGTON: "Washington"
  STATE_OREGON: "Oregon"
  STATE_IDAHO: "Idaho"
  STATE_COLORADO: "Colorado"
  STATE_WYOMING: "Wyoming"
  STATE_MONTANA: "Montana"
  STATE_NORTH_DAKOTA: "North Dakota"
  STATE_SOUTH_DAKOTA: "South Dakota"
  STATE_NEBRASKA: "Nebraska"
  STATE_KANSAS: "Kansas"
  STATE_OKLAHOMA: "Oklahoma"
  STATE_LOUISIANA: "Louisiana"
  STATE_ARKANSAS: "Arkansas"
  STATE_MISSOURI: "Missouri"
  STATE_IOWA: "Iowa"
  STATE_MINNESOTA: "Minnesota"
  STATE_WISCONSIN: "Wisconsin"
  STATE_NEW_YORK: "New York"
  STATE_INDIANA: "Indiana"
  STATE_MICHIGAN: "Michigan"
  STATE_OHIO: "Ohio"
  STATE_KENTUCKY: "Kentucky"
  STATE_TENNESSEE: "Tennessee"
  STATE_MISSISSIPPI: "Mississippi"
  STATE_ALABAMA: "Alabama"
  STATE_FLORIDA: "Florida"
  STATE_GEORGIA: "Georgia"
  STATE_VIRGINIA: "Virginia"
  STATE_DISTRICT_OF_COLUMBIA: "District of Columbia"
  STATE_WEST_VIRGINIA: "West Virginia"
  STATE_MARYLAND: "Maryland"
  STATE_DELAWARE: "Delaware"
  STATE_PENNSYLVANIA: "Pennsylvania"
  STATE_NEW_JERSEY: "New Jersey"
  STATE_ILLINOIS: "Illinois"
  STATE_MASSACHUSETTS: "Massachusetts"
  STATE_NEW_HAMPSHIRE: "New Hampshire"
  STATE_CONNECTICUT: "Connecticut"
  STATE_RHODE_ISLAND: "Rhode Island"
  STATE_VERMONT: "Vermont"
  STATE_MAINE: "Maine"
  STATE_NORTH_CAROLINA: "North Carolina"
  STATE_TEXAS: "Texas"
  STATE_YUKON_TERRITORY: "Yukon Territory"
  STATE_NORTHWEST_TERRITORIES: "Northwest Territories"
  STATE_NUNAVUT: "Nunavut"
  STATE_BRITISH_COLUMBIA: "British Columbia"
  STATE_ALBERTA: "Alberta"
  STATE_SASKATCHEWAN: "Saskatchewan"
  STATE_MANITOBA: "Manitoba"
  STATE_ONTARIO: "Ontario"
  STATE_QUEBEC: "Quebec"
  STATE_NEWFOUNDLAND: "Newfoundland"
  STATE_GUATEMALA: "Guatemala"
  STATE_HONDURAS: "Honduras"
  STATE_NICARAGUA: "Nicaragua"
  STATE_COSTA_RICA: "Costa Rica"
  STATE_PANAMA: "Panama"
  STATE_CUBA: "Cuba"
  STATE_URUGUAY: "Uruguay"
  STATE_ECUADOR: "Ecuador"
  STATE_SANTO_DOMINGO: "Santo Domingo"
  STATE_HAITI: "Haiti"
  STATE_GOTLAND: "Gotland"
  STATE_GOTALAND: "Götaland"
  STATE_SCANIA: "Scania"
  STATE_NORRLAND: "Norrland"
  STATE_SVEALAND: "Svealand"
  STATE_SICILY: "Sicily"
  STATE_PELOPONNESE: "Peloponnese"
  STATE_IONIAN_ISLANDS: "Ionian Islands"
  STATE_ALBANIA: "Albania"
  STATE_BOSNIA: "Bosnia"
  STATE_NAVARRA: "Navarra"
  STATE_SOUTHERN_TRANSYLVANIA: "Southern Transylvania"
  STATE_HAWAIIAN_ISLANDS: "Hawaiian Islands"
  STATE_NORTHERN_TRANSYLVANIA: "Northern Transylvania"
  STATE_MOLDAVIA: "Moldavia"
  STATE_WALLACHIA: "Wallachia"
  STATE_GALICIA: "Galicia"
  STATE_ASTURIAS: "Asturias"
  STATE_CASTILE: "Castile"
  STATE_ARAGON: "Aragon"
  STATE_CATALONIA: "Catalonia"
  STATE_BALEARES: "Baleares"
  STATE_NEW_SOUTH_WALES: "New South Wales"
  STATE_VICTORIA: "Victoria"
  STATE_TASMANIA: "Tasmania"
  STATE_QUEENSLAND: "Queensland"
  STATE_SOUTH_AUSTRALIA: "South Australia"
  STATE_WESTERN_AUSTRALIA: "Western Australia"
  STATE_NORTHERN_TERRITORY: "Northern Territory"
  STATE_NORTH_ISLAND: "North Island"
  STATE_SOUTH_ISLAND: "South Island"
  STATE_WEST_MICRONESIA: "West Micronesia"
  STATE_EAST_MICRONESIA: "East Micronesia"
  STATE_WEST_JAVA: "West Java"
  STATE_EAST_JAVA: "East Java"
  STATE_CENTRAL_JAVA: "Central Java"
  STATE_CEYLON: "Ceylon"
  STATE_URGA: "Urga"
  STATE_ULIASTAI: "Uliastai"
  STATE_OMAN: "Oman"
  STATE_ABU_DHABI: "Trucial Coast"
  STATE_YEMEN: "Yemen"
  STATE_HEDJAZ: "Hedjaz"
  STATE_TUNISIA: "Tunisia"
  STATE_GUINEA: "Guinea"
  STATE_GHANA: "Ghana"
  STATE_TOGO: "Togo"
  STATE_DAHOMEY: "Dahomey"
  STATE_DEIR_EZ_ZOR: "Deir-Ez-Zor"
  STATE_GABON: "Gabon"
  STATE_BOTSWANA: "Botswana"
  STATE_ZAMBIA: "Zambia"
  STATE_CAMBODIA: "Cambodia"
  STATE_SAVOY: "Savoy"
  STATE_LIBERIA: "Liberia"
  STATE_EMILIA: "Emilia"
  STATE_TUSCANY: "Tuscany"
  STATE_ROMAGNA: "Romagna"
  STATE_LAZIO: "Lazio"
  STATE_NEVADA: "Nevada"
  STATE_ARIZONA: "Arizona"
  STATE_NEW_MEXICO: "New Mexico"
  STATE_CALIFORNIA: "California"
  STATE_BAJA_CALIFORNIA: "Baja California"
  STATE_SONORA: "Sonora"
  STATE_CHIHUAHUA: "Chihuahua"
  STATE_RIO_GRANDE: "Río Grande"
  STATE_GUERRERO: "Guerrero"
  STATE_DURANGO: "Durango"
  STATE_YUCATAN: "Yucatán"
  STATE_MEXICO: "México"
  STATE_JALISCO: "Jalisco"
  STATE_ZACATECAS: "Zacatecas"
  STATE_GUAYANA: "Guayana"
  STATE_ZULIA: "Zulia"
  STATE_MIRANDA: "Miranda"
  STATE_BOLIVAR: "Bolívar"
  STATE_ANTIOQUIA: "Antioquía"
  STATE_GUAVIARE: "Guaviare"
  STATE_CUNDINAMARCA: "Cundinamarca"
  STATE_CAUCA: "Cauca"
  STATE_PASTAZA: "Pastaza"
  STATE_CAJAMARCA: "Cajamarca"
  STATE_LIMA: "Lima"
  STATE_ICA: "Ica"
  STATE_AREQUIPA: "Arequipa"
  STATE_AMAZONAS: "Amazonas"
  STATE_MATO_GROSSO: "Mato Grosso"
  STATE_RIO_GRANDE_DO_SUL: "Rio Grande do Sul"
  STATE_PARANA: "Paraná"
  STATE_SAO_PAULO: "São Paulo"
  STATE_MINAS_GERAIS: "Minas Gerais"
  STATE_RIO_DE_JANEIRO: "Rio de Janeiro"
  STATE_TAHITI: "Tahiti"
  STATE_TONGA: "Tonga"
  STATE_BAHIA: "Bahia"
  STATE_RIO_GRANDE_DO_NORTE: "Rio Grande do Norte"
  STATE_PERNAMBUCO: "Pernambuco"
  STATE_MARANHAO: "Maranhão"
  STATE_PARA: "Pará"
  STATE_ALTO_PARAGUAY: "Alto Paraguay"
  STATE_BAJO_PARAGUAY: "Bajo Paraguay"
  STATE_BUENOS_AIRES: "Buenos Aires"
  STATE_PATAGONIA: "Patagonia"
  STATE_RIO_NEGRO: "Mendoza"
  STATE_LA_PAMPA: "Córdoba"
  STATE_SANTA_FE: "Santa Fe"
  STATE_CORRIENTES: "Corrientes"
  STATE_TUCUMAN: "Tucumán"
  STATE_CHACO: "Chaco"
  STATE_JUJUY: "Jujuy"
  STATE_SANTA_CRUZ: "Santa Cruz"
  STATE_LA_PAZ: "La Paz"
  STATE_POTOSI: "Potosí"
  STATE_SANTIAGO: "Santiago"
  STATE_LOS_RIOS: "Los Ríos"
  STATE_ARAUCANIA: "Araucania"
  STATE_SOUTH_ATLANTIC_ISLANDS: "South Atlantic Islands"
  STATE_ICELAND: "Iceland"
  STATE_GREENLAND: "Greenland"
  STATE_EAST_SAHARA: "East Sahara"
  STATE_MARRAKECH: "Marrakech"
  STATE_FEZ: "Fez"
  STATE_AL_RIF: "al Rif"
  STATE_INNER_MOROCCO: "Inner Morocco"
  STATE_TLEMCEN: "Tlemcen"
  STATE_WEST_SAHARA: "West Sahara"
  STATE_SAHARA: "Sahara"
  STATE_ALGIERS: "Algiers"
  STATE_CONSTANTINE: "Constantine"
  STATE_TRIPOLI: "Tripoli"
  STATE_LIBYAN_DESERT: "Libyan Desert"
  STATE_LIBYA: "Libya"
  STATE_UPPER_EGYPT: "Upper Egypt"
  STATE_EGYPTIAN_DESERT: "Egyptian Desert"
  STATE_LOWER_EGYPT: "Lower Egypt"
  STATE_MATRUH: "Matruh"
  STATE_MIDDLE_EGYPT: "Middle Egypt"
  STATE_SINAI: "Sinai"
  STATE_DONGOLA: "Dongola"
  STATE_KORDOFAN: "Kordofan"
  STATE_DARFUR: "Darfur"
  STATE_BLUE_NILE: "Blue Nile"
  STATE_NEW_BRUNSWICK: "New Brunswick"
  STATE_NORTH_ANGOLA: "North Angola"
  STATE_SOUTH_ANGOLA: "South Angola"
  STATE_EAST_ANGOLA: "East Angola"
  STATE_INDIAN_OCEAN_TERRITORY: "Indian Ocean Territory"
  STATE_LOURENCO_MARQUES: "Lourenço Marques"
  STATE_MOCAMBIQUE: "Mocambique"
  STATE_ZAMBEZIA: "Zambezia"
  STATE_EASTERN_CAPE: "Eastern Cape"
  STATE_CAPE_COLONY: "Cape Colony"
  STATE_NORTHERN_CAPE: "Northern Cape"
  STATE_HOME_COUNTIES: "Home Counties"
  STATE_LANCASHIRE: "Lancashire"
  STATE_WALES: "Wales"
  STATE_YORKSHIRE: "Yorkshire"
  STATE_HIGHLANDS: "Highlands"
  STATE_MIDLANDS: "Midlands"
  STATE_EAST_ANGLIA: "East Anglia"
  STATE_WEST_COUNTRY: "West Country"
  STATE_LOWLANDS: "Lowlands"
  STATE_ULSTER: "Ulster"
  STATE_MUNSTER: "Munster"
  STATE_LEINSTER: "Leinster"
  STATE_LANGUEDOC: "Languedoc"
  STATE_RHONE: "Rhone"
  STATE_LOIRE: "Loire"
  STATE_PICARDY: "Picardy"
  STATE_PROVENCE: "Provence"
  STATE_ALSACE_LORRAINE: "Alsace-Lorraine"
  STATE_NORMANDY: "Normandy"
  STATE_POITOU: "Poitou"
  STATE_ARMAGNAC: "Armagnac"
  STATE_LIMOUSIN: "Limousin"
  STATE_BRITTANY: "Brittany"
  STATE_BURGUNDY: "Burgundy"
  STATE_CHAMPAGNE: "Champagne"
  STATE_FRANCHE_COMTE: "Franche-Comté"
  STATE_AUVERGNE: "Auvergne"
  STATE_AQUITAINE: "Aquitaine"
  STATE_ORLEANS: "Orléans"
  STATE_ILE_DE_FRANCE: "Île-de-France"
  STATE_ELBE: "Elbe"
  STATE_BEIRA: "Beira"
  STATE_ESTREMADURA: "Estremadura"
  STATE_ALENTEJO: "Alentejo"
  STATE_CAPE_VERDE: "Cape Verde"
  STATE_MADEIRA: "Madeira"
  STATE_CANARY_ISLANDS: "Canary Islands"
  STATE_AZORES: "Azores"
  STATE_GRANADA: "Eastern Andalusia"
  STATE_ANDALUSIA: "Western Andalusia"
  STATE_BADAJOZ: "Badajoz"
  STATE_VALENCIA: "Valencia"
  STATE_TOLEDO: "Toledo"
  STATE_WALLONIA: "Wallonia"
  STATE_FLANDERS: "Flanders"
  STATE_HOLLAND: "Holland"
  STATE_FRIESLAND: "Friesland"
  STATE_GELRE: "Gelre"
  STATE_JUTLAND: "Jutland"
  STATE_ZEALAND: "Zealand"
  STATE_WESTERN_NORWAY: "Western Norway"
  STATE_NORTHERN_NORWAY: "Northern Norway"
  STATE_EASTERN_NORWAY: "Eastern Norway"
  STATE_EAST_SWITZERLAND: "East Switzerland"
  STATE_WEST_SWITZERLAND: "West Switzerland"
  STATE_PUERTO_RICO: "Puerto Rico"
  STATE_CRETE: "Crete"
  STATE_WEST_INDIES: "West Indies"
  STATE_BERMUDA: "Bermuda"
  STATE_BAHAMAS: "Bahamas"
  STATE_JAMAICA: "Jamaica"
  STATE_BALUCHISTAN: "Baluchistan"
  STATE_ORISSA: "Orissa"
  STATE_SINDH: "Sindh"
  STATE_RAJPUTANA: "Rajputana"
  STATE_CIRCARS: "Andhra"
  STATE_PUNJAB: "Punjab"
  STATE_NAGPUR: "Nagpur"
  STATE_MYSORE: "Mysore"
  STATE_TRAVANCORE: "Travancore"
  STATE_MADRAS: "Madras"
  STATE_KASHMIR: "Kashmir"
  STATE_HYDERABAD: "Hyderabad"
  STATE_GUJARAT: "Gujarat"
  STATE_CENTRAL_INDIA: "Central India"
  STATE_BOMBAY: "Bombay"
  STATE_BIHAR: "Bihar"
  STATE_SOUTH_BENGAL: "South Bengal"
  STATE_NORTH_BENGAL: "North Bengal"
  STATE_ASSAM: "Assam"
  STATE_DELHI: "Delhi"
  STATE_AWADH: "Awadh"
  STATE_TENASSERIM: "Tenasserim"
  STATE_KACHIN: "Kachin"
  STATE_SHAN_STATES: "Shan States"
  STATE_PEGU: "Pegu"
  STATE_NORTH_SUMATRA: "North Sumatra"
  STATE_SOUTH_SUMATRA: "South Sumatra"
  STATE_CELEBES: "Celebes"
  STATE_ACEH: "Aceh"
  STATE_WESTERN_NEW_GUINEA: "Western New Guinea"
  STATE_MOLUCCAS: "Moluccas"
  STATE_WEST_BORNEO: "West Borneo"
  STATE_EAST_BORNEO: "East Borneo"
  STATE_SUNDA_ISLANDS: "Sunda Islands"
  STATE_MALAYA: "Malaya"
  STATE_NORTH_BORNEO: "North Borneo"
  STATE_MINDANAO: "Mindanao"
  STATE_LUZON: "Luzón"
  STATE_VISAYAS: "Visayas"
  STATE_ATTICA: "Attica"
  STATE_SKOPIA: "Skopia"
  STATE_MACEDONIA: "Macedonia"
  STATE_THESSALIA: "Thessaly"
  STATE_WESTERN_THRACE: "Western Thrace"
  STATE_NORTHERN_THRACE: "Northern Thrace"
  STATE_BULGARIA: "Bulgaria"
  STATE_DOBRUDJA: "Dobrudja"
  STATE_SOUTH_MADAGASCAR: "South Madagascar"
  STATE_NORTH_MADAGASCAR: "North Madagascar"
  STATE_OROMIA: "Oromia"
  STATE_AMHARA: "Amhara"
  STATE_GONDER: "Gonder"
  STATE_KAZEMBE: "Kazembe"
  STATE_ERITREA: "Eritrea"
  STATE_SOMALILAND: "Somaliland"
  STATE_NAMAQUALAND: "Namaqualand"
  STATE_HEREROLAND: "Hereroland"
  STATE_ZAMBEZI: "Zambezi"
  STATE_KENYA: "Kenya"
  STATE_RIFT_VALLEY: "Rift Valley"
  STATE_CHAD: "Chad"
  STATE_WADDAI: "Waddai"
  STATE_LINDI: "Lindi"
  STATE_ZANZIBAR: "Zanzibar"
  STATE_TANGANYIKA: "Tanganyika"
  STATE_MAURITANIA: "Mauritania"
  STATE_INNER_MAURITANIA: "Inner Mauritania"
  STATE_EASTERN_MALI: "Eastern Mali"
  STATE_WESTERN_MALI: "Western Mali"
  STATE_TIMBUKTU: "Timbuktu"
  STATE_HAUSALAND: "Hausaland"
  STATE_BENIN: "Benin"
  STATE_YORUBA_STATES: "Yoruba States"
  STATE_NIGER_DELTA: "Niger Delta"
  STATE_OUTER_HAUSALAND: "Outer Hausaland"
  STATE_NIGER: "Niger"
  STATE_BORNU: "Bornu"
  STATE_NIGERIA: "Nigeria"
  STATE_EAST_HAUSALAND: "East Hausaland"
  STATE_KATANGA: "Katanga"
  STATE_CONGO_ORIENTALE: "Congo Orientale"
  STATE_KASAI: "Kasai"
  STATE_BAS_CONGO: "Bas-Congo"
  STATE_EQUATEUR: "Equateur"
  STATE_UGANDA: "Uganda"
  STATE_EQUATORIA: "Equatoria"
  STATE_VOLTA: "Volta"
  STATE_NORTH_CAMEROON: "North Cameroon"
  STATE_SOUTH_CAMEROON: "South Cameroon"
  STATE_UBANGI_SHARI: "Ubangi-Shari"
  STATE_CONGO: "Congo"
  STATE_IVORY_COAST: "Ivory Coast"
  STATE_WINDWARD_COAST: "Windward Coast"
  STATE_SENEGAL: "Senegal"
  STATE_GAMBIA: "Gambia"
  STATE_SIERRA_LEONE: "Sierra Leone"
  STATE_ZULULAND: "Zululand"
  STATE_VRYSTAAT: "Vrystaat"
  STATE_TRANSVAAL: "Transvaal"
  STATE_EASTERN_NEW_GUINEA: "Eastern New Guinea"
  STATE_MELANESIA: "Melanesia"
  STATE_FIJI: "Fiji"
  STATE_VANUATU: "Vanuatu"
  STATE_KANAK: "Kanak"
  STATE_BOUGAINVILLE: "Bougainville"
  STATE_SOLOMON_ISLANDS: "Solomon Islands"
  STATE_NAURU: "Nauru"
  STATE_HAIL: "Hail"
  STATE_NEJD: "Nejd"
  STATE_TRANSJORDAN: "Transjordan"
  STATE_PALESTINE: "Palestine"
  STATE_LEBANON: "Lebanon"
  STATE_SYRIA: "Syria"
  STATE_ALEPPO: "Aleppo"
  STATE_BAGHDAD: "Baghdad"
  STATE_BASRA: "Basra"
  STATE_MOSUL: "Mosul"
  STATE_LARISTAN: "Laristan"
  STATE_SISTAN: "Sistan"
  STATE_KHORASAN: "Khorasan"
  STATE_KHUZESTAN: "Khuzestan"
  STATE_FARS: "Fars"
  STATE_ISFAHAN: "Isfahan"
  STATE_MAZANDARAN: "Mazandaran"
  STATE_IRAKAJEMI: "Irakajemi"
  STATE_TABRIZ: "Tabriz"
  STATE_LURISTAN: "Luristan"
  STATE_ARMENIA: "Armenia"
  STATE_AZERBAIJAN: "Azerbaijan"
  STATE_GREATER_CAUCASUS: "Greater Caucasus"
  STATE_MONTENEGRO: "Montenegro"
  STATE_NORTHERN_SERBIA: "Northern Serbia"
  STATE_SOUTHERN_SERBIA: "Southern Serbia"
  STATE_EASTERN_THRACE: "Eastern Thrace"
  STATE_HUDAVENDIGAR: "Hudavendigar"
  STATE_AYDIN: "Aydin"
  STATE_KONYA: "Konya"
  STATE_KASTAMONU: "Kastamonu"
  STATE_CYPRUS: "Cyprus"
  STATE_TRABZON: "Trabzon"
  STATE_WEST_AEGEAN_ISLANDS: "West Aegean Islands"
  STATE_EAST_AEGEAN_ISLANDS: "East Aegean Islands"
  STATE_ANKARA: "Ankara"
  STATE_WESTERN_AFGHANISTAN: "Western Afghanistan"
  STATE_DIYARBAKIR: "Diyarbakir"
  STATE_ERZURUM: "Erzurum"
  STATE_KARS: "Kars"
  STATE_EASTERN_AFGHANISTAN: "Eastern Afghanistan"
  STATE_BANGKOK: "Bangkok"
  STATE_MEKONG: "Mekong"
  STATE_TONKIN: "Tonkin"
  STATE_ANNAM: "Annam"
  STATE_LAOS: "Laos"
  STATE_CHIANG_MAI: "Chiang Mai"
  STATE_NAKHON_RATCHASIMA: "Nakhon Ratchasima"
  STATE_SEOUL: "Gyeonggi"
  STATE_BUSAN: "Yeongnam"
  STATE_SARIWON: "Gwanbuk"
  STATE_PYONGYANG: "Yangseo"
  STATE_YANGHO: "Yangho"
  STATE_HOKKAIDO: "Hokkaido"
  STATE_TOHOKU: "Tohoku"
  STATE_KANTO: "Kanto"
  STATE_CHUBU: "Chubu"
  STATE_KANSAI: "Kansai"
  STATE_KYUSHU: "Kyushu"
  STATE_RYUKYU_ISLANDS: "Ryukyu Islands"
  STATE_CHUGOKU: "Chugoku"
  STATE_SHIKOKU: "Shikoku"
  STATE_LHASA: "Lhasa"
  STATE_NGARI: "Ngari"
  STATE_HIMALAYAS: "Himalayas"
  STATE_DZUNGARIA: "Dzungaria"
  STATE_TIANSHAN: "Tianshan"
  STATE_SICHUAN: "Sichuan"
  STATE_YUNNAN: "Yunnan"
  STATE_GUIZHOU: "Guizhou"
  STATE_SHAOZHOU: "Shaozhou"
  STATE_HINGGAN: "Monan"
  STATE_ALXA: "Alxa"
  STATE_GUANGXI: "Guangxi"
  STATE_SOUTHERN_MANCHURIA: "Southern Manchuria"
  STATE_NORTHERN_MANCHURIA: "Northern Manchuria"
  STATE_SHANDONG: "Shandong"
  STATE_BEIJING: "Beijing"
  STATE_SHANXI: "Shanxi"
  STATE_XIAN: "Xi'an"
  STATE_NINGXIA: "Ningxia"
  STATE_GANSU: "Gansu"
  STATE_QINGHAI: "Qinghai"
  STATE_CHONGQING: "Chongqing"
  STATE_GUANGDONG: "Guangdong"
  STATE_FUJIAN: "Fujian"
  STATE_ZHEJIANG: "Zhejiang"
  STATE_SUZHOU: "Suzhou"
  STATE_JIANGSU: "Jiangsu"
  STATE_NANJING: "Nanjing"
  STATE_HENAN: "Henan"
  STATE_ZHILI: "Hebei"
  STATE_JIANGXI: "Jiangxi"
  STATE_SOUTHERN_ANHUI: "Southern Anhui"
  STATE_NORTHERN_ANHUI: "Northern Anhui"
  STATE_WESTERN_HUBEI: "Western Hubei"
  STATE_EASTERN_HUBEI: "Eastern Hubei"
  STATE_HUNAN: "Hunan"
  STATE_FORMOSA: "Formosa"
  STATE_SOUTHERN_FINLAND: "Southern Finland"
  STATE_OSTROBOTHNIA: "Ostrobothnia"
  STATE_WEST_KARELIA: "West Karelia"
  STATE_ESTONIA: "Estonia"
  STATE_LATVIA: "Latvia"
  STATE_LITHUANIA: "Lithuania"
  STATE_CHUKOTKA: "Chukotka"
  STATE_NENETSIA: "Nenetsia"
  STATE_EAST_KARELIA: "East Karelia"
  STATE_ARKHANGELSK: "Arkhangelsk"
  STATE_TARTARIA: "Saratov"
  STATE_OUTER_MANCHURIA: "Outer Manchuria"
  STATE_UZBEKIA: "Uzbekia"
  STATE_KHIVA: "Khiva"
  STATE_TAJIKISTAN: "Tajikistan"
  STATE_KIRGHIZIA: "Kirghizia"
  STATE_URALSK: "Uralsk"
  STATE_TURKMENIA: "Turkmenia"
  STATE_SEMIRECHE: "Semireche"
  STATE_AKMOLINSK: "Akmolinsk"
  STATE_KAMCHATKA: "Kamchatka"
  STATE_OKHOTSK: "Okhotsk"
  STATE_YAKUTSK: "Yakutsk"
  STATE_TRANS_BAIKAL: "Trans-Baikal"
  STATE_IRKUTSK: "Irkutsk"
  STATE_TOMSK: "Tomsk"
  STATE_TOBOLSK: "Tobolsk"
  STATE_UPPER_YENISEYSK: "Upper Yeniseysk"
  STATE_OB: "Ob"
  STATE_URAL: "Ural"
  STATE_SAMARA: "Samara"
  STATE_KAZAN: "Kazan"
  STATE_PERM: "Perm"
  STATE_GALICH: "Galich"
  STATE_TVER: "Tver"
  STATE_MOSCOW: "Moscow"
  STATE_DAGESTAN: "Dagestan"
  STATE_KUBAN: "Kuban"
  STATE_ASTRAKHAN: "Astrakhan"
  STATE_ROSTOV: "Rostov"
  STATE_CRIMEA: "Crimea"
  STATE_LUHANSK: "Luhansk"
  STATE_KURSK: "Kursk"
  STATE_NOVGOROD: "Novgorod"
  STATE_INGRIA: "Ingria"
  STATE_CHERSON: "Cherson"
  STATE_BESSARABIA: "Bessarabia"
  STATE_BRYANSK: "Bryansk"
  STATE_SMOLENSK: "Smolensk"
  STATE_ORSHA: "Orsha"
  STATE_CAMPANIA: "Campania"
  STATE_CALABRIA: "Calabria"
  STATE_ABRUZZO: "Abruzzo"
  STATE_APULIA: "Apulia"
  STATE_WEST_GALICIA: "West Galicia"
  STATE_EAST_GALICIA: "East Galicia"
  STATE_EAST_SLOVAKIA: "East Slovakia"
  STATE_WEST_SLOVAKIA: "West Slovakia"
  STATE_DALMATIA: "Dalmatia"
  STATE_CROATIA: "Croatia"
  STATE_SLAVONIA: "Slavonia"
  STATE_BEKES: "Békés"
  STATE_TRANSDANUBIA: "Transdanubia"
  STATE_ISTRIA: "Istria"
  STATE_VENETIA: "Venetia"
  STATE_LOMBARDY: "Lombardy"
  STATE_BOHEMIA: "Bohemia"
  STATE_MORAVIA: "Moravia"
  STATE_CENTRAL_HUNGARY: "Central Hungary"
  STATE_STYRIA: "Styria"
  STATE_TYROL: "Tyrol"
  STATE_AUSTRIA: "Austria"
  STATE_SOUTH_TYROL: "South Tyrol"
  STATE_SLOVENIA: "Slovenia"
  STATE_DELVIDEK: "Délvidék"
  STATE_POSEN: "Posen"
  STATE_WESTPHALIA: "Westphalia"
  STATE_ANHALT: "Anhalt"
  STATE_POMERANIA: "Pomerania"
  STATE_WEST_PRUSSIA: "West Prussia"
  STATE_EAST_PRUSSIA: "East Prussia"
  STATE_RHINELAND: "Rhineland"
  STATE_NORTH_RHINE: "North Rhine"
  STATE_SILESIA: "Silesia"
  STATE_BRANDENBURG: "Brandenburg"
  STATE_SCHLESWIG_HOLSTEIN: "Schleswig-Holstein"
  STATE_WURTTEMBERG: "Württemberg"
  STATE_BADEN: "Baden"
  STATE_HANNOVER: "Hanover"
  STATE_NASSAU: "Nassau"
  STATE_BAVARIA: "Bavaria"
  STATE_FRANCONIA: "Franconia"
  STATE_SAXONY: "Saxony"
  STATE_HESSE: "Hesse"
  STATE_BRUNSWICK: "Brunswick"
  STATE_GREATER_POLAND: "Greater Poland"
  STATE_LESSER_POLAND: "Lesser Poland"
  STATE_PIEDMONT: "Piedmont"
  STATE_SARDINIA: "Sardinia"
  STATE_SAKHALIN: "Sakhalin"
  STATE_TARAPACA: "Tarapacá"
  STATE_ANTOFAGASTA: "Antofagasta"
  STATE_BREST: "Brest"
  STATE_MAZOVIA: "Mazovia"
  STATE_VOLHYNIA: "Volhynia"
  STATE_KIEV: "Kiev"
  STATE_RIAU_ISLANDS: "Riau Islands"
  STATE_MECKLENBURG: "Mecklenburg"
  STATE_MALTA: "Malta"
  STATE_UMBRIA: "Umbria"
  STATE_BANAT: "Banat"
  STATE_CORSICA: "Corsica"
  STATE_PASHTUNISTAN: "Pashtunistan"
  STATE_UTAH: "Utah"
  STATE_SOUTH_CAROLINA: "South Carolina"
  STATE_CHIAPAS: "Chiapas"
  STATE_SAN_SALVADOR: "San Salvador"
  STATE_ADANA: "Adana"
  STATE_CONNAUGHT: "Connaught"
  STATE_TUVA: "Tuva"
  STATE_MASCARENES: "Mascarenes"
  STATE_HAWAIIAN_SEAMOUNT_CHAIN: "Hawaiian Seamount Chain"
  STATE_MICRONESIAN_SEA: "Micronesian Sea"
  STATE_SOUTH_PACIFIC_LANE_1: "South Pacific Ocean"
  STATE_SOUTH_PACIFIC_LANE_2: "South Pacific Ocean"
  STATE_EASTER_ISLAND_LANE_1: "South Pacific Ocean"
  STATE_EASTER_ISLAND_LANE_2: "South Pacific Ocean"
  STATE_EASTER_ISLAND_LANE_3: "South Pacific Ocean"
  STATE_PACIFIC_LANE_01: "Pacific Ocean"
  STATE_PACIFIC_LANE_02: "Pacific Ocean"
  STATE_PACIFIC_LANE_03: "Pacific Ocean"
  STATE_PACIFIC_LANE_04: "Pacific Ocean"
  STATE_PACIFIC_LANE_05: "Pacific Ocean"
  STATE_PACIFIC_LANE_06: "Pacific Ocean"
  STATE_SOUTHERN_OCEAN: "Southern Ocean"
  STATE_FAROE_BANK: "Faroe Bank"
  STATE_GULF_OF_MAINE: "Gulf of Maine"
  STATE_HORN_OF_AFRICA: "Horn of Africa"
  STATE_DAVIS_STRAIT: "Davis Strait"
  STATE_GALAPAGOS_RISE: "Galapagos Rise"
  STATE_EASTERN_CARIBBEAN_SEA: "Eastern Caribbean Sea"
  STATE_WESTERN_CARIBBEAN_SEA: "Western Caribbean Sea"
  STATE_WESTERN_MEDITERRANEAN_SEA: "Western Mediterranean Sea"
  STATE_CENTRAL_MEDITERRANEAN_SEA: "Central Mediterranean Sea"
  STATE_EASTERN_MEDITERRANEAN_SEA: "Eastern Mediterranean Sea"
  STATE_ARCTIC_OCEAN: "Arctic Ocean"
  STATE_NORTH_ATLANTIC_01: "North Atlantic Ocean"
  STATE_NORTH_ATLANTIC_02: "North Atlantic Ocean"
  STATE_NORTH_ATLANTIC_03: "North Atlantic Ocean"
  STATE_NORTH_ATLANTIC_04: "North Atlantic Ocean"
  STATE_NORTH_ATLANTIC_05: "North Atlantic Ocean"
  STATE_NORTH_ATLANTIC_06: "North Atlantic Ocean"
  STATE_NORTH_ATLANTIC_07: "North Atlantic Ocean"
  STATE_NORTH_ATLANTIC_08: "North Atlantic Ocean"
  STATE_NORTH_ATLANTIC_09: "North Atlantic Ocean"
  STATE_NORTH_ATLANTIC_10: "North Atlantic Ocean"
  STATE_NORTH_ATLANTIC_11: "North Atlantic Ocean"
  STATE_ATLANTIC_OCEAN_01: "Atlantic Ocean"
  STATE_ATLANTIC_OCEAN_02: "Atlantic Ocean"
  STATE_ATLANTIC_OCEAN_03: "Atlantic Ocean"
  STATE_ATLANTIC_OCEAN_04: "Atlantic Ocean"
  STATE_ATLANTIC_OCEAN_05: "Atlantic Ocean"
  STATE_WEST_AFRICAN_COAST: "West African Coast"
  STATE_SOUTH_ATLANTIC_SEA_LANE_01: "South Atlantic Ocean"
  STATE_SOUTH_ATLANTIC_SEA_LANE_02: "South Atlantic Ocean"
  STATE_SOUTH_ATLANTIC_SEA_LANE_03: "South Atlantic Ocean"
  STATE_SOUTH_ATLANTIC_SEA_LANE_04: "South Atlantic Ocean"
  STATE_SOUTH_ATLANTIC_SEA_LANE_05: "South Atlantic Ocean"
  STATE_SOUTH_ATLANTIC_SEA_LANE_06: "South Atlantic Ocean"
  STATE_SOUTH_ATLANTIC_SEA_LANE_08: "South Atlantic Ocean"
  STATE_COAST_OF_SAINT_HELENA: "Coast of Saint Helena"
  STATE_INDIAN_OCEAN_LANE_01: "Indian Ocean"
  STATE_INDIAN_OCEAN_LANE_02: "Indian Ocean"
  STATE_INDIAN_OCEAN_LANE_03: "Indian Ocean"
  STATE_INDIAN_OCEAN_LANE_04: "Indian Ocean"
  STATE_INDIAN_OCEAN_LANE_05: "Indian Ocean"
  STATE_INDIAN_OCEAN_LANE_06: "Indian Ocean"
  STATE_EASTER_ISLAND: "Easter Island"
  STATE_EASTERN_POLYNESIA: "Eastern Polynesia"
  STATE_NATAL_COAST: "Natal Coast"
  STATE_NORTH_ATLANTIC_OCEAN_01: "North Atlantic Ocean"
  STATE_NORTH_ATLANTIC_OCEAN_02: "North Atlantic Ocean"
  STATE_NORTH_ATLANTIC_OCEAN_03: "North Atlantic Ocean"
  STATE_NORTH_ATLANTIC_OCEAN_04: "North Atlantic Ocean"
  STATE_NORTH_ATLANTIC_OCEAN_05: "North Atlantic Ocean"
  STATE_NORTH_ATLANTIC_OCEAN_06: "North Atlantic Ocean"
  STATE_SOUTH_ATLANTIC_OCEAN_01: "South Atlantic Ocean"
  STATE_SOUTH_ATLANTIC_OCEAN_02: "South Atlantic Ocean"
  STATE_SOUTH_ATLANTIC_OCEAN_03: "South Atlantic Ocean"
  STATE_SOUTH_ATLANTIC_OCEAN_04: "South Atlantic Ocean"
  STATE_SOUTH_ATLANTIC_OCEAN_05: "South Atlantic Ocean"
  STATE_SOUTH_ATLANTIC_OCEAN_06: "South Atlantic Ocean"
  STATE_SOUTHERN_OCEAN_01: "Southern Ocean"
  STATE_SOUTHERN_OCEAN_02: "Southern Ocean"
  STATE_INDIAN_OCEAN_01: "Indian Ocean"
  STATE_INDIAN_OCEAN_02: "Indian Ocean"
  STATE_INDIAN_OCEAN_03: "Indian Ocean"
  STATE_NORTH_PACIFIC_OCEAN_01: "North Pacific Ocean"
  STATE_NORTH_PACIFIC_OCEAN_02: "North Pacific Ocean"
  STATE_NORTH_PACIFIC_OCEAN_03: "North Pacific Ocean"
  STATE_NORTH_PACIFIC_OCEAN_04: "North Pacific Ocean"
  STATE_NORTH_PACIFIC_OCEAN_05: "North Pacific Ocean"
  STATE_NORTH_PACIFIC_OCEAN_06: "North Pacific Ocean"
  STATE_NORTH_PACIFIC_OCEAN_07: "North Pacific Ocean"
  STATE_NORTH_PACIFIC_OCEAN_08: "North Pacific Ocean"
  STATE_NORTH_PACIFIC_OCEAN_09: "North Pacific Ocean"
  STATE_NORTH_PACIFIC_OCEAN_10: "North Pacific Ocean"
  STATE_NORTH_PACIFIC_OCEAN_11: "North Pacific Ocean"
  STATE_SOUTH_PACIFIC_OCEAN_01: "South Pacific Ocean"
  STATE_SOUTH_PACIFIC_OCEAN_02: "South Pacific Ocean"
  STATE_SOUTH_PACIFIC_OCEAN_03: "South Pacific Ocean"
  STATE_SOUTH_PACIFIC_OCEAN_04: "South Pacific Ocean"
  STATE_SOUTH_PACIFIC_OCEAN_05: "South Pacific Ocean"
  STATE_SOUTH_PACIFIC_OCEAN_06: "South Pacific Ocean"
  STATE_SOUTH_PACIFIC_OCEAN_07: "South Pacific Ocean"
  STATE_SOUTH_PACIFIC_OCEAN_08: "South Pacific Ocean"
  STATE_SOUTH_PACIFIC_OCEAN_09: "South Pacific Ocean"
  STATE_PACIFIC_SEABOARD_01: "Pacific Seaboard"
  STATE_PACIFIC_SEABOARD_02: "Pacific Seaboard"
  STATE_BARENTS_SEA: "Barents Sea"
  STATE_ARCTIC_OCEAN_01: "Arctic Ocean"
  STATE_ARCTIC_OCEAN_02: "Arctic Ocean"
  STATE_ARCTIC_OCEAN_04: "Arctic Ocean"
  STATE_ARCTIC_OCEAN_05: "Arctic Ocean"
  STATE_ARCTIC_OCEAN_06: "Arctic Ocean"
  STATE_ARCTIC_OCEAN_07: "Arctic Ocean"
  STATE_ALAND: "Åland"
  STATE_BURMA: "Burma"
  STATE_NORTH_PHILIPPINES_SEA: "North Philippines Sea"
  STATE_SOUTH_PHILIPPINES_SEA: "South Philippines Sea"
  STATE_PATAGONIAN_LAKES: "Patagonian Lakes"
  STATE_LAKE_NICARAGUA: "Lake Nicaragua"
  STATE_GOIAS: "Goiás"
  STATE_ACRE: "Acre"
  STATE_PIAUI: "Piauí"
  STATE_CEARA: "Ceará"
  STATE_PARAIBA: "Paraíba"
  STATE_SANTA_CATARINA: "Santa Catarina"
  STATE_VERACRUZ: "Veracruz"
  STATE_SINALOA: "Sinaloa"
  STATE_BAJIO: "Bajío"
  STATE_OAXACA: "Oaxaca"
  STATE_SHENGJING: "Shengjing"
  STATE_JETISY: "Ili"
